Workbook

Sheet Summary
A1: แผน Automatic Battery Test ระบบ SDH — 188 Sites
A3: KPI | B3: ค่า | C3: หน่วย | D3: หมายเหตุ | F3: แผน | G3: ค่า | H3: หน่วย
A4: จำนวน Sites ทั้งหมด | B4: 188 | C4: Sites | D4: ข้อมูลจากแผนงานเปลี่ยน Battery SDH#3 | F4: จำนวนรอบสูงสุด | G4: 17 | H4: รอบ
A5: SDH Ring หลัก | B5: 14 | C5: Ring | D5: R01-R14 | F5: เวลาต่อรอบ | G5: 30 | H5: นาที
A6: Sites ใน R01-R14 | B6: 168 | C6: Sites | D6: Test พร้อมกัน Ring ละ 1 Site | F6: เวลารวม R01-R14 | G6: 8.5 | H6: ชั่วโมง
A8: Ring | B8: จำนวน Sites | C8: เวลาที่ Ring ใช้ (ชม.) | E8: หลักการจัดคิว
A9: R01 | B9: 11 | C9: 5.5 | E9: 1 | F9: R01-R14 เริ่ม Test พร้อมกันได้
A10: R02 | B10: 10 | C10: 5 | E10: 2 | F10: ในแต่ละ Ring Test ได้ครั้งละ 1 Site
A11: R03 | B11: 11 | C11: 5.5 | E11: 3 | F11: รอบถัดไปเริ่มทุก 30 นาที
A12: R04 | B12: 10 | C12: 5 | E12: 4 | F12: Ring ที่ Sites หมดแล้วหยุด ส่วน Ring อื่นทำต่อ
A13: R05 | B13: 17 | C13: 8.5 | E13: 5 | F13: R00 แยกทดสอบต่างหาก เนื่องจากในต้นฉบับระบุ Ring No. = 0
A14: R06 | B14: 16 | C14: 8
A15: R07 | B15: 11 | C15: 5.5
A16: R08 | B16: 12 | C16: 6
A17: R09 | B17: 16 | C17: 8
A18: R10 | B18: 10 | C18: 5
A19: R11 | B19: 8 | C19: 4
A20: R12 | B20: 8 | C20: 4
A21: R13 | B21: 13 | C21: 6.5
A22: R14 | B22: 15 | C22: 7.5
A23: R00 | B23: 20 | C23: 10
A25: หมายเหตุ
A26: R01-R14 สามารถเริ่มพร้อมกันได้ โดยแต่ละ Ring มี Test ได้ครั้งละ 1 Site เท่านั้น
A27: Ring ที่มีจำนวน Sites น้อยกว่าจะจบก่อน และไม่ต้องรอ Ring อื่น
A28: R00 ถูกแยกไว้ต่างหากตามข้อมูลต้นฉบับที่ระบุ Ring No. = 0

Sheet Plan_14_Rings
A1: แผนทดสอบพร้อมกัน 14 Ring — Ring ละ 1 Site / 30 นาที
A3: รอบ | B3: Start | C3: End | D3: R01 | E3: R02 | F3: R03 | G3: R04 | H3: R05 | I3: R06 | J3: R07 | K3: R08 | L3: R09 | M3: R10 | N3: R11 | O3: R12 | P3: R13 | Q3: R14
A4: 1 | B4: =Settings!$B$4+((A4-1)*(Settings!$B$5+Settings!$B$6)/1440) -> 0 | C4: =B4+(Settings!$B$5/1440) -> 0.020833333 | D4: R01-01 | BAT | บางกะปิ | E4: R02-01 | SS | แสนแสบ | F4: R03-01 | NCN | นวลจันทร์ | G4: R04-01 | LB | ลาดกระบัง | H4: R05-01 | TPT | เทพารักษ์ | I4: R06-01 | MA | ไม้อัด | J4: R07-01 | JRN | แจงร้อน | K4: R08-01 | STT | ธนบุรีใต้ | L4: R09-01 | WL | วัดเลียบ | M4: R10-01 | KT | คลองเตย | N4: R11-01 | TTT | ถนนตก | O4: R12-01 | BLN | บางเลน | P4: R13-01 | VDT | วิภาวดี | Q4: R14-01 | JWT | แจ้งวัฒนะ
A5: 2 | B5: =Settings!$B$4+((A5-1)*(Settings!$B$5+Settings!$B$6)/1440) -> 0.041666667 | C5: =B5+(Settings!$B$5/1440) -> 0.0625 | D5: R01-02 | EM | เอกมัย | E5: R02-02 | DDG | ดินแดง | F5: R03-02 | PTN | พัฒนาการ | G5: R04-02 | STW | สุวินทวงศ์ | H5: R05-02 | BTR | บางตำหรุ | I5: R06-02 | SRS | สำโรง | J5: R07-02 | BC | บางกระเจ้า | K5: R08-02 | KSC | คลองสนามชัย | L5: R09-02 | SD | สะพานดำ | M5: R10-02 | PK | พระโขนง | N5: R11-02 | TS | ตากสิน | O5: R12-02 | KMS | คลองมหาสวัสดิ์ | P5: R13-02 | MS | มักกะสัน | Q5: R14-02 | M1 | เมืองทอง 1
A6: 3 | B6: =Settings!$B$4+((A6-1)*(Settings!$B$5+Settings!$B$6)/1440) -> 0.083333333 | C6: =B6+(Settings!$B$5/1440) -> 0.10416667 | D6: R01-03 | PPG | พร้อมพงษ์ | E6: R02-03 | HK | ห้วยขวาง | F6: R03-03 | ONT | อ่อนนุช | G6: R04-03 | MMR | มิตรไมตรี | H6: R05-03 | BPA | บางปลา | I6: R06-03 | PJ | ปู่เจ้า | J6: R07-03 | KU | ครุใน | K6: R08-03 | BSN | บ้านคลองสวน | L6: R09-03 | NLG | นางเลิ้ง | M6: R10-03 | SA | สายน้ำทิพย์ | N6: R11-03 | MM | มหาเมฆ | O6: R12-03 | KSK | คลองสิบศอก | P6: R13-03 | YT | โยธี | Q6: R14-03 | M3 | เมืองทอง 3
A7: 4 | B7: =Settings!$B$4+((A7-1)*(Settings!$B$5+Settings!$B$6)/1440) -> 0.125 | C7: =B7+(Settings!$B$5/1440) -> 0.14583333 | D7: R01-04 | PA | ประสานมิตร | E7: R02-04 | RDT | รัชดาภิเษก | F7: R03-04 | PWE | ประเวศ | G7: R04-04 | NJT | หนองจอก | H7: R05-04 | CKY | จระเข้ใหญ่ | I7: R06-04 | TK | ท้องคุ้ง | J7: R07-04 | PD | พระประแดง | K7: R08-04 | WPC | วัดประชาบำรุง | L7: R09-04 | BR | บางขุนพรหม | M7: R10-04 | SAM | สามย่าน | N7: R11-04 | YK | เย็นอากาศ | O7: R12-04 | KUS | ขุนศรี | P7: R13-04 | PYA | พญาไท | Q7: R14-04 | BD | บางพูด
A8: 5 | B8: =Settings!$B$4+((A8-1)*(Settings!$B$5+Settings!$B$6)/1440) -> 0.16666667 | C8: =B8+(Settings!$B$5/1440) -> 0.1875 | D8: R01-05 | PI | ไผ่สิงโต | E8: R02-05 | WT | วังทองหลาง | F8: R03-05 | BCN | บางชัน | G8: R04-05 | MB | มีนบุรี | H8: R05-05 | BS | บางเสาธง | I8: R06-05 | SKT | พระนครใต้ | J8: R07-05 | BK | บางปลากด | K8: R08-05 | BKDs | บางกระดี | L8: R09-05 | VJR | วชิรพยาบาล | M8: R10-05 | PM | ปทุมวัน | N8: R11-05 | NS | นนทรี | O8: R12-05 | SIT | ไทรน้อย | P8: R13-05 | SM | สายลม | Q8: R14-05 | KRT | คลองรังสิต
A9: 6 | B9: =Settings!$B$4+((A9-1)*(Settings!$B$5+Settings!$B$6)/1440) -> 0.20833333 | C9: =B9+(Settings!$B$5/1440) -> 0.22916667 | D9: R01-06 | LN | ลุมพินี | E9: R02-06 | GK | เกาะกลาง | F9: R03-06 | RT | รามอินทรา | G9: R04-06 | NMI | นิมิตรใหม่ | H9: R05-06 | KRI | คลองร้อย | I9: R06-06 | SO | สวนส้ม | J9: R07-06 | KS | คลองสรรพสามิต | K9: R08-06 | EKC | เอกชัย | L9: R09-06 | SN | สามเสน | M9: R10-06 | SY | สี่พระยา | N9: R11-06 | YNW | ยานนาวา | O9: R12-06 | BBO | บางบัวทอง | P9: R13-06 | PP | ประดิพัทธิ์ | Q9: R14-06 | KM | คลองใหม่
A10: 7 | B10: =Settings!$B$4+((A10-1)*(Settings!$B$5+Settings!$B$6)/1440) -> 0.25 | C10: =B10+(Settings!$B$5/1440) -> 0.27083333 | D10: R01-07 | CLT | ชิดลม | E10: R02-07 | KJ | คลองจั่น | F10: R03-07 | KNY | คันนายาว | G10: R04-07 | KKM | คลองกระเทียม | H10: R05-07 | MG | เมืองใหม่ | I10: R06-07 | PN | ปากน้ำ | J10: R07-07 | WKS | วัดคู่สร้าง | K10: R08-07 | NH | หนองแขม | L10: R09-07 | NKT | พระนครเหนือ | M10: R10-07 | SWG | ศรีเวียง | N10: R11-07 | BPP | บางโพงพาง | O10: R12-07 | BRY | บางรักใหญ่ | P10: R13-07 | CTJ | จตุจักร | Q10: R14-07 | TH | ทุ่งสองห้อง
A11: 8 | B11: =Settings!$B$4+((A11-1)*(Settings!$B$5+Settings!$B$6)/1440) -> 0.29166667 | C11: =B11+(Settings!$B$5/1440) -> 0.3125 | D11: R01-08 | WB | วังเพชรบูรณ์ | E11: R02-08 | RH | รามคำแหง | F11: R03-08 | AUG | ออเงิน | G11: R04-08 | RK | ร่มเกล้า | H11: R05-08 | KDT | คลองด่าน | I11: R06-08 | TBN | ท้ายบ้าน | J11: R07-08 | TBR | ธนบุรีรมย์ | K11: R08-08 | TWN | ทวีวัฒนา | L11: R09-08 | RC | รุ่งประชา | M11: R10-08 | SRK | สุรศักดิ์ | N11: R11-08 | BL | บางโคล่ | O11: R12-08 | RTB | รัตนาธิเบศร์ | P11: R13-08 | BET | บางซื่อ | Q11: R14-08 | PC | ประชาชื่น
A12: 9 | B12: =Settings!$B$4+((A12-1)*(Settings!$B$5+Settings!$B$6)/1440) -> 0.33333333 | C12: =B12+(Settings!$B$5/1440) -> 0.35416667 | D12: R01-09 | KP | กิ่งเพชร | E12: R02-09 | SV | ศูนย์วิจัย | F12: R03-09 | SP | สะพานใหม่ | G12: R04-09 | TY | ทับยาว | H12: R05-09 | RTR | รัตนราช | I12: R06-09 | BI | บางปิ้ง | J12: R07-09 | WKP | วัดกำแพง | K12: R08-09 | BOT | บางกอกน้อย | L12: R09-09 | BY | บางยี่ขัน | M12: R10-09 | SU | สุรวงศ์ | N12: - | O12: - | P12: R13-09 | LPT | ลาดพร้าว | Q12: R14-09 | BZ | บางซ่อน
A13: 10 | B13: =Settings!$B$4+((A13-1)*(Settings!$B$5+Settings!$B$6)/1440) -> 0.375 | C13: =B13+(Settings!$B$5/1440) -> 0.39583333 | D13: R01-10 | RPR | ราชปรารภ | E13: R02-10 | PPL | พลับพลา | F13: R03-10 | DM | ดอนเมือง | G13: R04-10 | CG | ฉลองกรุง | H13: R05-10 | SRH | เสาระหง | I13: R06-10 | BU | บางปู | J13: R07-10 | BM | บางมด | K13: R08-10 | BKE | บางแค | L13: R09-10 | CPI | ฉิมพลี | M13: R10-10 | SL | สีลม | N13: - | O13: - | P13: R13-10 | KE | เกษตร | Q13: R14-10 | SYI | สวนใหญ่
A14: 11 | B14: =Settings!$B$4+((A14-1)*(Settings!$B$5+Settings!$B$6)/1440) -> 0.41666667 | C14: =B14+(Settings!$B$5/1440) -> 0.4375 | D14: R01-11 | NN | นานา | E14: - | F14: R03-11 | LK | ลาดปลาเค้า | G14: - | H14: R05-11 | LPG | หลวงแพ่ง | I14: R06-11 | KO | คอต่อ | J14: R07-11 | RN | ราษฎร์บูรณะ | K14: R08-11 | KWS | คลองวัดสิงห์ | L14: R09-11 | PO | พรานนก | M14: - | N14: - | O14: - | P14: R13-11 | CK | จันทร์เกษม | Q14: R14-11 | SB | สนามบินน้ำ
A15: 12 | B15: =Settings!$B$4+((A15-1)*(Settings!$B$5+Settings!$B$6)/1440) -> 0.45833333 | C15: =B15+(Settings!$B$5/1440) -> 0.47916667 | D15: - | E15: - | F15: - | G15: - | H15: R05-12 | BJ | บางน้ำจืด | I15: R06-12 | PR | แพรกษา | J15: - | K15: R08-12 | BB | บางบอน | L15: R09-12 | PS | เพชรเกษม | M15: - | N15: - | O15: - | P15: R13-12 | SSA | ทรงสะอาด | Q15: R14-12 | NR | นนทบุรี
... A20: 17 | B20: =Settings!$B$4+((A20-1)*(Settings!$B$5+Settings!$B$6)/1440) -> 0.66666667 | C20: =B20+(Settings!$B$5/1440) -> 0.6875 | D20: - | E20: - | F20: - | G20: - | H20: R05-17 | BPT | บางพลี | I20: - | J20: - | K20: - | L20: - | M20: - | N20: - | O20: - | P20: - | Q20: -

Sheet Detailed_Plan
A1: Detailed Automatic Battery Test Plan — R01-R14
A3: รอบ | B3: Ring | C3: Seq | D3: Ring-Seq | E3: ชื่อย่อ | F3: สถานี | G3: Start | H3: End | I3: Status | J3: Test Voltage (V) | K3: End Voltage (V) | L3: End Capacity (%) | M3: Alarm | N3: หมายเหตุ
A4: 1 | B4: R01 | C4: 1 | D4: R01-01 | E4: BAT | F4: บางกะปิ | G4: =Settings!$B$4+((A4-1)*(Settings!$B$5+Settings!$B$6)/1440) -> 0 | H4: =G4+(Settings!$B$5/1440) -> 0.020833333 | I4: Planned | J4: 45 | K4: 45.2 | L4: 70
A5: 1 | B5: R02 | C5: 1 | D5: R02-01 | E5: SS | F5: แสนแสบ | G5: =Settings!$B$4+((A5-1)*(Settings!$B$5+Settings!$B$6)/1440) -> 0 | H5: =G5+(Settings!$B$5/1440) -> 0.020833333 | I5: Planned | J5: 45 | K5: 45.2 | L5: 70
A6: 1 | B6: R03 | C6: 1 | D6: R03-01 | E6: NCN | F6: นวลจันทร์ | G6: =Settings!$B$4+((A6-1)*(Settings!$B$5+Settings!$B$6)/1440) -> 0 | H6: =G6+(Settings!$B$5/1440) -> 0.020833333 | I6: Planned | J6: 45 | K6: 45.2 | L6: 70
A7: 1 | B7: R04 | C7: 1 | D7: R04-01 | E7: LB | F7: ลาดกระบัง | G7: =Settings!$B$4+((A7-1)*(Settings!$B$5+Settings!$B$6)/1440) -> 0 | H7: =G7+(Settings!$B$5/1440) -> 0.020833333 | I7: Planned | J7: 45 | K7: 45.2 | L7: 70
A8: 1 | B8: R05 | C8: 1 | D8: R05-01 | E8: TPT | F8: เทพารักษ์ | G8: =Settings!$B$4+((A8-1)*(Settings!$B$5+Settings!$B$6)/1440) -> 0 | H8: =G8+(Settings!$B$5/1440) -> 0.020833333 | I8: Planned | J8: 45 | K8: 45.2 | L8: 70
A9: 1 | B9: R06 | C9: 1 | D9: R06-01 | E9: MA | F9: ไม้อัด | G9: =Settings!$B$4+((A9-1)*(Settings!$B$5+Settings!$B$6)/1440) -> 0 | H9: =G9+(Settings!$B$5/1440) -> 0.020833333 | I9: Planned | J9: 45 | K9: 45.2 | L9: 70
A10: 1 | B10: R07 | C10: 1 | D10: R07-01 | E10: JRN | F10: แจงร้อน | G10: =Settings!$B$4+((A10-1)*(Settings!$B$5+Settings!$B$6)/1440) -> 0 | H10: =G10+(Settings!$B$5/1440) -> 0.020833333 | I10: Planned | J10: 45 | K10: 45.2 | L10: 70
A11: 1 | B11: R08 | C11: 1 | D11: R08-01 | E11: STT | F11: ธนบุรีใต้ | G11: =Settings!$B$4+((A11-1)*(Settings!$B$5+Settings!$B$6)/1440) -> 0 | H11: =G11+(Settings!$B$5/1440) -> 0.020833333 | I11: Planned | J11: 45 | K11: 45.2 | L11: 70
A12: 1 | B12: R09 | C12: 1 | D12: R09-01 | E12: WL | F12: วัดเลียบ | G12: =Settings!$B$4+((A12-1)*(Settings!$B$5+Settings!$B$6)/1440) -> 0 | H12: =G12+(Settings!$B$5/1440) -> 0.020833333 | I12: Planned | J12: 45 | K12: 45.2 | L12: 70
A13: 1 | B13: R10 | C13: 1 | D13: R10-01 | E13: KT | F13: คลองเตย | G13: =Settings!$B$4+((A13-1)*(Settings!$B$5+Settings!$B$6)/1440) -> 0 | H13: =G13+(Settings!$B$5/1440) -> 0.020833333 | I13: Planned | J13: 45 | K13: 45.2 | L13: 70
A14: 1 | B14: R11 | C14: 1 | D14: R11-01 | E14: TTT | F14: ถนนตก | G14: =Settings!$B$4+((A14-1)*(Settings!$B$5+Settings!$B$6)/1440) -> 0 | H14: =G14+(Settings!$B$5/1440) -> 0.020833333 | I14: Planned | J14: 45 | K14: 45.2 | L14: 70
A15: 1 | B15: R12 | C15: 1 | D15: R12-01 | E15: BLN | F15: บางเลน | G15: =Settings!$B$4+((A15-1)*(Settings!$B$5+Settings!$B$6)/1440) -> 0 | H15: =G15+(Settings!$B$5/1440) -> 0.020833333 | I15: Planned | J15: 45 | K15: 45.2 | L15: 70
... A171: 17 | B171: R05 | C171: 17 | D171: R05-17 | E171: BPT | F171: บางพลี | G171: =Settings!$B$4+((A171-1)*(Settings!$B$5+Settings!$B$6)/1440) -> 0.66666667 | H171: =G171+(Settings!$B$5/1440) -> 0.6875 | I171: Planned | J171: 45 | K171: 45.2 | L171: 70

Sheet R00_Separate
A1: R00 — แผนทดสอบแยก (20 Sites)
A3: ลำดับ Test | B3: Ring-Seq | C3: ชื่อย่อ | D3: สถานี | E3: Start | F3: End | G3: Status | H3: End Voltage (V) | I3: End Capacity (%) | J3: Alarm | K3: หมายเหตุ
A4: 1 | B4: R00-01 | C4: CLC | D4: ศูนย์ชิดลม | E4: =Settings!$B$7+((A4-1)*(Settings!$B$5+Settings!$B$6)/1440) -> 0 | F4: =E4+(Settings!$B$5/1440) -> 0.020833333 | G4: Planned | H4: 45.2 | I4: 70
A5: 2 | B5: R00-02 | C5: YND | D5: เขตยานนาวา | E5: =Settings!$B$7+((A5-1)*(Settings!$B$5+Settings!$B$6)/1440) -> 0.041666667 | F5: =E5+(Settings!$B$5/1440) -> 0.0625 | G5: Planned | H5: 45.2 | I5: 70
A6: 3 | B6: R00-03 | C6: BTD | D6: เขตบางขุนเทียน | E6: =Settings!$B$7+((A6-1)*(Settings!$B$5+Settings!$B$6)/1440) -> 0.083333333 | F6: =E6+(Settings!$B$5/1440) -> 0.10416667 | G6: Planned | H6: 45.2 | I6: 70
A7: 4 | B7: R00-04 | C7: RBD | D7: เขตราษฎร์บูรณะ | E7: =Settings!$B$7+((A7-1)*(Settings!$B$5+Settings!$B$6)/1440) -> 0.125 | F7: =E7+(Settings!$B$5/1440) -> 0.14583333 | G7: Planned | H7: 45.2 | I7: 70
A8: 5 | B8: R00-05 | C8: BHD | D8: เขตบางเขน | E8: =Settings!$B$7+((A8-1)*(Settings!$B$5+Settings!$B$6)/1440) -> 0.16666667 | F8: =E8+(Settings!$B$5/1440) -> 0.1875 | G8: Planned | H8: 45.2 | I8: 70
A9: 6 | B9: R00-06 | C9: LKD | D9: เขตลาดกระบัง | E9: =Settings!$B$7+((A9-1)*(Settings!$B$5+Settings!$B$6)/1440) -> 0.20833333 | F9: =E9+(Settings!$B$5/1440) -> 0.22916667 | G9: Planned | H9: 45.2 | I9: 70
A10: 7 | B10: R00-07 | C10: NBD | D10: เขตนนทบุรี | E10: =Settings!$B$7+((A10-1)*(Settings!$B$5+Settings!$B$6)/1440) -> 0.25 | F10: =E10+(Settings!$B$5/1440) -> 0.27083333 | G10: Planned | H10: 45.2 | I10: 70
A11: 8 | B11: R00-08 | C11: BBD | D11: เขตบางบัวทอง | E11: =Settings!$B$7+((A11-1)*(Settings!$B$5+Settings!$B$6)/1440) -> 0.29166667 | F11: =E11+(Settings!$B$5/1440) -> 0.3125 | G11: Planned | H11: 45.2 | I11: 70
A12: 9 | B12: R00-09 | C12: TBD | D12: เขตธนบุรี | E12: =Settings!$B$7+((A12-1)*(Settings!$B$5+Settings!$B$6)/1440) -> 0.33333333 | F12: =E12+(Settings!$B$5/1440) -> 0.35416667 | G12: Planned | H12: 45.2 | I12: 70
A13: 10 | B13: R00-10 | C13: BKD | D13: เขตบางกะปิ | E13: =Settings!$B$7+((A13-1)*(Settings!$B$5+Settings!$B$6)/1440) -> 0.375 | F13: =E13+(Settings!$B$5/1440) -> 0.39583333 | G13: Planned | H13: 45.2 | I13: 70
A14: 11 | B14: R00-11 | C14: KTD | D14: เขตคลองเตย | E14: =Settings!$B$7+((A14-1)*(Settings!$B$5+Settings!$B$6)/1440) -> 0.41666667 | F14: =E14+(Settings!$B$5/1440) -> 0.4375 | G14: Planned | H14: 45.2 | I14: 70
A15: 12 | B15: R00-12 | C15: SPD | D15: เขตสมุทรปราการ | E15: =Settings!$B$7+((A15-1)*(Settings!$B$5+Settings!$B$6)/1440) -> 0.45833333 | F15: =E15+(Settings!$B$5/1440) -> 0.47916667 | G15: Planned | H15: 45.2 | I15: 70
... A23: 20 | B23: R00-20 | C23: BND | D23: เขตบางนา | E23: =Settings!$B$7+((A23-1)*(Settings!$B$5+Settings!$B$6)/1440) -> 0.79166667 | F23: =E23+(Settings!$B$5/1440) -> 0.8125 | G23: Planned | H23: 45.2 | I23: 70

Sheet Settings
A1: ตั้งค่า Automatic Battery Test | D1: 12x/Year Configuration | E1: ค่า
D2: Number of Planned Tests per Year | E2: 12
A3: รายการ | B3: ค่า | D3: R01-R14 Test Day | E3: 01 ของทุกเดือน
A4: เวลาเริ่ม Test R01-R14 | B4: 0 | D4: R00 Test Day | E4: 02 ของทุกเดือน
A5: ระยะเวลา Test (นาที) | B5: 30 | D5: Test Duration | E5: 30 นาที
A6: Gap ระหว่างรอบ (นาที) | B6: 30 | D6: R01-R14 Concurrency | E6: พร้อมกันได้ทุก Ring
A7: เวลาเริ่ม Test R00 | B7: 0 | D7: Same Ring Rule | E7: ครั้งละ 1 Site
A8: จำนวน Ring ที่ Test พร้อมกัน | B8: 14 | D8: Planned Test Format | E8: MM-DD Hr
A10: เงื่อนไขก่อนเริ่ม Test
A11: 1 | B11: Battery อยู่ใน Float Charge ปกติ
A12: 2 | B12: ไม่มี AC Fail / Rectifier Fail / Battery Critical Alarm
A13: 3 | B13: SDH NE / Network Monitoring Online
A14: 4 | B14: แต่ละ Ring มี Battery Test ได้ครั้งละ 1 Site เท่านั้น
A15: 5 | B15: หาก Site ใดผิดปกติ ให้หยุด Queue ของ Ring นั้น โดย Ring อื่นทำต่อได้
A16: 6 | B16: ครบ 30 นาทีจึงเริ่ม Site ลำดับถัดไปของ Ring เดิม

Sheet Config_12x_Year
A1: SDH Automatic Battery Test Configuration — 12 ครั้ง/ปี
A2: R01-R14: วันที่ 01 ของทุกเดือน, Ring ละ 1 Site ต่อช่วงเวลา | R00: แยกวันที่ 02 ของทุกเดือน | Test Duration 30 นาที
A4: กลุ่ม | B4: Ring | C4: Seq | D4: Ring-Seq | E4: ชื่อย่อ | F4: สถานี | G4: Test/Year | H4: วันทดสอบ | I4: ชั่วโมง | J4: Planned Test 1 | K4: Planned Test 2 | L4: Planned Test 3 | M4: Planned Test 4 | N4: Planned Test 5 | O4: Planned Test 6 | P4: Planned Test 7 | Q4: Planned Test 8 | R4: Planned Test 9 | S4: Planned Test 10 | T4: Planned Test 11 | U4: Planned Test 12 | V4: หมายเหตุ
A5: SDH Ring | B5: R01 | C5: 1 | D5: R01-01 | E5: BAT | F5: บางกะปิ | G5: 12 | H5: 1 | I5: 0 | J5: 01-01 00 | K5: 02-01 00 | L5: 03-01 00 | M5: 04-01 00 | N5: 05-01 00 | O5: 06-01 00 | P5: 07-01 00 | Q5: 08-01 00 | R5: 09-01 00 | S5: 10-01 00 | T5: 11-01 00 | U5: 12-01 00 | V5: Ring ละ 1 Site/เวลา; Test 30 นาที
A6: SDH Ring | B6: R01 | C6: 2 | D6: R01-02 | E6: EM | F6: เอกมัย | G6: 12 | H6: 1 | I6: 1 | J6: 01-01 01 | K6: 02-01 01 | L6: 03-01 01 | M6: 04-01 01 | N6: 05-01 01 | O6: 06-01 01 | P6: 07-01 01 | Q6: 08-01 01 | R6: 09-01 01 | S6: 10-01 01 | T6: 11-01 01 | U6: 12-01 01 | V6: Ring ละ 1 Site/เวลา; Test 30 นาที
A7: SDH Ring | B7: R01 | C7: 3 | D7: R01-03 | E7: PPG | F7: พร้อมพงษ์ | G7: 12 | H7: 1 | I7: 2 | J7: 01-01 02 | K7: 02-01 02 | L7: 03-01 02 | M7: 04-01 02 | N7: 05-01 02 | O7: 06-01 02 | P7: 07-01 02 | Q7: 08-01 02 | R7: 09-01 02 | S7: 10-01 02 | T7: 11-01 02 | U7: 12-01 02 | V7: Ring ละ 1 Site/เวลา; Test 30 นาที
A8: SDH Ring | B8: R01 | C8: 4 | D8: R01-04 | E8: PA | F8: ประสานมิตร | G8: 12 | H8: 1 | I8: 3 | J8: 01-01 03 | K8: 02-01 03 | L8: 03-01 03 | M8: 04-01 03 | N8: 05-01 03 | O8: 06-01 03 | P8: 07-01 03 | Q8: 08-01 03 | R8: 09-01 03 | S8: 10-01 03 | T8: 11-01 03 | U8: 12-01 03 | V8: Ring ละ 1 Site/เวลา; Test 30 นาที
A9: SDH Ring | B9: R01 | C9: 5 | D9: R01-05 | E9: PI | F9: ไผ่สิงโต | G9: 12 | H9: 1 | I9: 4 | J9: 01-01 04 | K9: 02-01 04 | L9: 03-01 04 | M9: 04-01 04 | N9: 05-01 04 | O9: 06-01 04 | P9: 07-01 04 | Q9: 08-01 04 | R9: 09-01 04 | S9: 10-01 04 | T9: 11-01 04 | U9: 12-01 04 | V9: Ring ละ 1 Site/เวลา; Test 30 นาที
A10: SDH Ring | B10: R01 | C10: 6 | D10: R01-06 | E10: LN | F10: ลุมพินี | G10: 12 | H10: 1 | I10: 5 | J10: 01-01 05 | K10: 02-01 05 | L10: 03-01 05 | M10: 04-01 05 | N10: 05-01 05 | O10: 06-01 05 | P10: 07-01 05 | Q10: 08-01 05 | R10: 09-01 05 | S10: 10-01 05 | T10: 11-01 05 | U10: 12-01 05 | V10: Ring ละ 1 Site/เวลา; Test 30 นาที
A11: SDH Ring | B11: R01 | C11: 7 | D11: R01-07 | E11: CLT | F11: ชิดลม | G11: 12 | H11: 1 | I11: 6 | J11: 01-01 06 | K11: 02-01 06 | L11: 03-01 06 | M11: 04-01 06 | N11: 05-01 06 | O11: 06-01 06 | P11: 07-01 06 | Q11: 08-01 06 | R11: 09-01 06 | S11: 10-01 06 | T11: 11-01 06 | U11: 12-01 06 | V11: Ring ละ 1 Site/เวลา; Test 30 นาที
A12: SDH Ring | B12: R01 | C12: 8 | D12: R01-08 | E12: WB | F12: วังเพชรบูรณ์ | G12: 12 | H12: 1 | I12: 7 | J12: 01-01 07 | K12: 02-01 07 | L12: 03-01 07 | M12: 04-01 07 | N12: 05-01 07 | O12: 06-01 07 | P12: 07-01 07 | Q12: 08-01 07 | R12: 09-01 07 | S12: 10-01 07 | T12: 11-01 07 | U12: 12-01 07 | V12: Ring ละ 1 Site/เวลา; Test 30 นาที
A13: SDH Ring | B13: R01 | C13: 9 | D13: R01-09 | E13: KP | F13: กิ่งเพชร | G13: 12 | H13: 1 | I13: 8 | J13: 01-01 08 | K13: 02-01 08 | L13: 03-01 08 | M13: 04-01 08 | N13: 05-01 08 | O13: 06-01 08 | P13: 07-01 08 | Q13: 08-01 08 | R13: 09-01 08 | S13: 10-01 08 | T13: 11-01 08 | U13: 12-01 08 | V13: Ring ละ 1 Site/เวลา; Test 30 นาที
A14: SDH Ring | B14: R01 | C14: 10 | D14: R01-10 | E14: RPR | F14: ราชปรารภ | G14: 12 | H14: 1 | I14: 9 | J14: 01-01 09 | K14: 02-01 09 | L14: 03-01 09 | M14: 04-01 09 | N14: 05-01 09 | O14: 06-01 09 | P14: 07-01 09 | Q14: 08-01 09 | R14: 09-01 09 | S14: 10-01 09 | T14: 11-01 09 | U14: 12-01 09 | V14: Ring ละ 1 Site/เวลา; Test 30 นาที
A15: SDH Ring | B15: R01 | C15: 11 | D15: R01-11 | E15: NN | F15: นานา | G15: 12 | H15: 1 | I15: 10 | J15: 01-01 10 | K15: 02-01 10 | L15: 03-01 10 | M15: 04-01 10 | N15: 05-01 10 | O15: 06-01 10 | P15: 07-01 10 | Q15: 08-01 10 | R15: 09-01 10 | S15: 10-01 10 | T15: 11-01 10 | U15: 12-01 10 | V15: Ring ละ 1 Site/เวลา; Test 30 นาที
A16: SDH Ring | B16: R02 | C16: 1 | D16: R02-01 | E16: SS | F16: แสนแสบ | G16: 12 | H16: 1 | I16: 0 | J16: 01-01 00 | K16: 02-01 00 | L16: 03-01 00 | M16: 04-01 00 | N16: 05-01 00 | O16: 06-01 00 | P16: 07-01 00 | Q16: 08-01 00 | R16: 09-01 00 | S16: 10-01 00 | T16: 11-01 00 | U16: 12-01 00 | V16: Ring ละ 1 Site/เวลา; Test 30 นาที
... A192: R00 แยก | B192: R00 | C192: 20 | D192: R00-20 | E192: BND | F192: เขตบางนา | G192: 12 | H192: 2 | I192: 19 | J192: 01-02 19 | K192: 02-02 19 | L192: 03-02 19 | M192: 04-02 19 | N192: 05-02 19 | O192: 06-02 19 | P192: 07-02 19 | Q192: 08-02 19 | R192: 09-02 19 | S192: 10-02 19 | T192: 11-02 19 | U192: 12-02 19 | V192: R00 แยกวันที่ 02; Test 30 นาที
